{"sample":{"22-1907":"22-1907","22-3675":"22-3675","Undetermined":"Undetermined"},"runId":{"22-1907":"000000000-KTG6P ","22-3675":"000000000-KTG6P ","Undetermined":"000000000-KTG6P "},"pfClusters":{"22-1907":2736886.0,"22-3675":2673328.0,"Undetermined":26540858.0},"pfReads":{"22-1907":5473772.0,"22-3675":5346656.0,"Undetermined":53081716.0},"barcodeI7":{"22-1907":"ATTGAGGA","22-3675":"ACTATGCA","Undetermined":"unknown"},"pctOfLane":{"22-1907":4.68,"22-3675":4.57,"Undetermined":90.75},"pctPerfectBarcode":{"22-1907":98.06,"22-3675":98.62,"Undetermined":100.0},"pctOneMismatch":{"22-1907":1.94,"22-3675":1.38,"Undetermined":null},"yieldDemultiplex":{"22-1907":826.0,"22-3675":808.0,"Undetermined":8015.0},"pctPfClusters":{"22-1907":100.0,"22-3675":100.0,"Undetermined":84.24},"pctQ30":{"22-1907":90.95,"22-3675":91.43,"Undetermined":91.02},"meanQualityScore":{"22-1907":35.52,"22-3675":35.63,"Undetermined":35.53},"yieldFastQC":{"22-1907":377.9,"22-3675":368.9,"Undetermined":7300.0},"pctDupReads":{"22-1907":49.1731142273,"22-3675":49.7637253905,"Undetermined":75.7638450373},"averageSequenceLength":{"22-1907":138.1746437374,"22-3675":138.0526800303,"Undetermined":139.4930910862},"medianSequenceLength":{"22-1907":151.0,"22-3675":151.0,"Undetermined":151.0},"adapterContentStatus":{"22-1907":"pass","22-3675":"pass","Undetermined":"pass"}}